{
  "name": "smooth-scroll",
  "version": "1.4.11",
  "title": "Smooth Scroll",
  "description": "Easy implementation of smooth scrolling for same-page links",
  "author": {
    "name": "Karl Swedberg",
    "email": "kswedberg@gmail.com",
    "url": "http://www.learningjquery.com/"
  },
  "repository": {
    "type": "git",
    "url": "https://github.com/kswedberg/jquery-smooth-scroll"
  },
  "homepage": "https://github.com/kswedberg/jquery-smooth-scroll",
  "docs": "https://github.com/kswedberg/jquery-smooth-scroll",
  "bugs": "https://github.com/kswedberg/jquery-smooth-scroll/issues",
  "demo": "http://plugins.learningjquery.com/smooth-scroll/demo/",
  "licenses": [
    {
      "type": "MIT",
      "url": "https://github.com/kswedberg/jquery-smooth-scroll/blob/master/LICENSE-MIT"
    }
  ],
  "dependencies": {
    "jquery": ">=1.3"
  },
  "keywords": ["scroll", "animation"]
}
